Id,Author
2130," Aaron Freedman "
2131," Aditi Rao "
2132," Alessandra Aristimuno "
2133," Atsushi Kukita"
2134," Candela Montero "
2135," Cassidy Bradford "
2136," Cliff Tanaka"
2137," David Witkowski "
2138," Dr. Carlos Valverde"
2139," Dr. Jim Garrison "
2140," Dr. Namrata Sharma "
2141," Dr. Ryo Chonabayashi "
2144," Emiliano Bosio "
2145," Eric Kunimoto "
2146," Fabiana Sanchez "
2147," Fumihiko Tominaga "
2150," Gail Thomas "
2153," Gilla Family "
2159," Greg Linderman "
2160," Hideaki Yanashima "
2165," Jennifer Hayashi "
2166," Jennifer Numagami "
2167," Jennifer Ohrstrom "
2170," Jim Merod "
2171," Jocelyn Parkhurst "
2176," Kamron Jafari"
2177," Karina Kleiman "
2180," Kazumi Yamada "
2181," Kenji Yamada "
2182," Kevin (Cheng-Kuan) Kan "
2183," Koichi Hagimoto "
2184," Koichi Yoshikawa "
2185," Krishanda Williams "
2186," Leema Yamada "
2187," Leonard Bogdonoff "
2188," Lisa McMillan"
2193," Masako Delalieu "
2194," Masako Iwamoto"
2198," Masataka Ito "
2199," Melissa Bradford"
2207," Mitsuko Matsumoto"
2208," Monte Joffee "
2209," Natalie De Leon "
2210," Nathaniel Maynard"
2211," Nobuko Kainuma"
2215," Padmini Hands"
2216," Patrick Noon "
2221," Ruby Nagashima "
2222," Russel Dalton "
2228," Ryo Kondo "
2229," Sari Nakayama "
2230," Satomi Ueno"
2231," Satoshi Inuzuka"
2232," Sayaka Sugahara "
2233," Shanti Hands"
2240," Swati Raj "
2241," Takako Masui "
2242," Takako Yoshizawa "
2243," Tana Gandhi "
2244," Tyko Shoji "
2247," Yu Hirano "
2250," Yuko Sugiyama "
2154," Gonzalo Obelleiro"
2212," Nozomi Inukai "
2219," Ritsuko Rita"
2172," Julie Nagashima "
2148," G. Scott Williams"
2234," Simon Hoffding "
2200," Menelik Tafari "
2245," Xiaoxing Liu "
2217," Rekha Gokhale "
2236," Simone Barclay "
2161," Jean Marcus Silva "
2248," Yui Takishima "
2151," Garrett Braun"
2174," Kajal Gulati "
2203," Michael Strand "
2142," Elaine Chang Sandoval "
2168," Jihii Jolly "
2195," Masashiro Kaleo Louis "
2178," Kazuhiro Iguchi "
2189," Maria Sanchez"
2238," Suh Jin Park"
2223," Ryan Hayashi"
